{"is_source_file": true, "format": "JavaScript", "description": "This file is the entry point for a React application, responsible for rendering the root component into the DOM.", "external_files": ["react", "react-dom/client", "./index.css", "./App"], "external_methods": ["ReactDOM.createRoot", "root.render"], "published": ["React", "ReactDOM", "root"], "classes": [], "methods": [{"name": "ReactDOM.createRoot", "description": "Creates a React root for rendering into a DOM node."}, {"name": "root.render", "description": "Renders React elements into the root DOM node."}], "calls": ["ReactDOM.createRoot", "root.render"], "search-terms": ["React", "ReactDOM", "index.js", "React.StrictMode", "root.render", "ReactDOM.createRoot"], "state": 2, "file_id": 1, "knowledge_revision": 24, "git_revision": "5c7cd2535cd828cbc10b135df0f5ba2074137693", "ctags": [{"_type": "tag", "name": "root", "path": "/home/kavia/workspace/code-generation/gpu-resource-aggregation-platform-315194-315203/mcp_frontend/src/index.js", "pattern": "/^const root = ReactDOM.createRoot(document.getElementById('root'));$/", "language": "JavaScript", "kind": "constant"}], "hash": "9fc5841375336fc175b49f8767a11383", "format-version": 4, "code-base-name": "mcp_frontend", "filename": "mcp_frontend/src/index.js", "revision_history": [{"24": "5c7cd2535cd828cbc10b135df0f5ba2074137693"}]}