{"is_source_file": false, "format": "", "description": "", "external_files": [], "external_methods": [], "published": [], "classes": [], "methods": [], "calls": [], "search-terms": [], "state": 2, "file_id": 7, "knowledge_revision": 17, "git_revision": "5c7cd2535cd828cbc10b135df0f5ba2074137693", "hash": "d9d975cebe2ec20b6c652e1e4c12ccf0", "format-version": 4, "code-base-name": "mcp_frontend", "filename": "mcp_frontend/public/manifest.json", "revision_history": [{"17": "5c7cd2535cd828cbc10b135df0f5ba2074137693"}]}