{"is_source_file": false, "format": "", "description": "", "external_files": [], "external_methods": [], "published": [], "classes": [], "methods": [], "calls": [], "search-terms": [], "state": 2, "file_id": 9, "knowledge_revision": 20, "git_revision": "5c7cd2535cd828cbc10b135df0f5ba2074137693", "hash": "ebece526bc2eadd78ddd787a76c56607", "format-version": 4, "code-base-name": "mcp_frontend", "filename": "mcp_frontend/README.md", "revision_history": [{"20": "5c7cd2535cd828cbc10b135df0f5ba2074137693"}]}