{"is_source_file": false, "format": null, "description": "", "external_files": [], "external_methods": [], "published": [], "classes": [], "methods": [], "calls": [], "search-terms": [], "state": 2, "file_id": 6, "knowledge_revision": 15, "git_revision": "5c7cd2535cd828cbc10b135df0f5ba2074137693", "hash": "6c2104b8d219ed99234ae2d6329f4357", "format-version": 4, "code-base-name": "mcp_frontend", "filename": "mcp_frontend/src/index.css", "revision_history": [{"15": "5c7cd2535cd828cbc10b135df0f5ba2074137693"}]}