{"is_source_file": false, "format": "", "description": "", "external_files": [], "external_methods": [], "published": [], "classes": [], "methods": [], "calls": [], "search-terms": [], "state": 2, "file_id": 8, "knowledge_revision": 16, "git_revision": "5c7cd2535cd828cbc10b135df0f5ba2074137693", "hash": "d2b40d02d5f7873d8a6713bad837edd4", "format-version": 4, "code-base-name": "mcp_frontend", "filename": "mcp_frontend/public/index.html", "revision_history": [{"16": "5c7cd2535cd828cbc10b135df0f5ba2074137693"}]}