{"is_source_file": false, "format": "", "description": "", "external_files": [], "external_methods": [], "published": [], "classes": [], "methods": [], "calls": [], "search-terms": [], "state": 2, "file_id": 11, "knowledge_revision": 19, "git_revision": "5c7cd2535cd828cbc10b135df0f5ba2074137693", "hash": "be6538e7523bc2e9da0743133d784136", "format-version": 4, "code-base-name": "mcp_frontend", "filename": "mcp_frontend/eslint.config.mjs", "revision_history": [{"19": "5c7cd2535cd828cbc10b135df0f5ba2074137693"}]}