{"is_source_file": false, "format": "", "description": "", "external_files": [], "external_methods": [], "published": [], "classes": [], "methods": [], "calls": [], "search-terms": [], "state": 2, "file_id": 10, "knowledge_revision": 18, "git_revision": "5c7cd2535cd828cbc10b135df0f5ba2074137693", "hash": "d001d53c059625c4bcf75bf5a7f3fcf0", "format-version": 4, "code-base-name": "mcp_frontend", "filename": "mcp_frontend/package.json", "revision_history": [{"18": "5c7cd2535cd828cbc10b135df0f5ba2074137693"}]}