{"is_source_file": false, "format": "", "description": "", "external_files": [], "external_methods": [], "published": [], "classes": [], "methods": [], "calls": [], "search-terms": [], "state": 2, "file_id": 5, "knowledge_revision": 23, "git_revision": "5c7cd2535cd828cbc10b135df0f5ba2074137693", "ctags": [], "hash": "1a77571e1a8cf36018a41bcedf60db75", "format-version": 4, "code-base-name": "mcp_frontend", "filename": "mcp_frontend/src/setupTests.js", "revision_history": [{"23": "5c7cd2535cd828cbc10b135df0f5ba2074137693"}]}