{"is_source_file": true, "format": "JavaScript (React JSX)", "description": "This is a React component file defining a functional component named App. It manages a theme toggle (light/dark) using React hooks, applies theme changes to the document, and renders a UI with a toggle button, logo, some text, and a link.", "external_files": ["./logo.svg", "./App.css"], "external_methods": ["React.useState", "React.useEffect"], "published": ["App"], "classes": [], "methods": [{"name": "App()", "description": "Functional React component that manages theme state and renders UI elements including a toggle button.", "scope": "", "scopeKind": ""}, {"name": "toggleTheme", "description": "Event handler to switch between 'light' and 'dark' themes."}], "calls": ["React.useState", "React.useEffect", "document.documentElement.setAttribute", "setTheme", "prevTheme => prevTheme === 'light' ? 'dark' : 'light'"], "search-terms": ["React component", "theme toggle", "useState", "useEffect", "Jsx", "App.js"], "state": 2, "file_id": 4, "knowledge_revision": 25, "git_revision": "5c7cd2535cd828cbc10b135df0f5ba2074137693", "ctags": [{"_type": "tag", "name": "App", "path": "/home/kavia/workspace/code-generation/gpu-resource-aggregation-platform-315194-315203/mcp_frontend/src/App.js", "pattern": "/^function App() {$/", "language": "JavaScript", "kind": "function", "signature": "()"}, {"_type": "tag", "name": "Switch to ${theme === 'light' ? 'dark' : 'light'} mode", "path": "/home/kavia/workspace/code-generation/gpu-resource-aggregation-platform-315194-315203/mcp_frontend/src/App.js", "pattern": "/^          aria-label={`Switch to ${theme === 'light' ? 'dark' : 'light'} mode`}$/", "language": "JavaScript", "kind": "field", "scope": "App.aria", "scopeKind": "class"}, {"_type": "tag", "name": "toggleTheme", "path": "/home/kavia/workspace/code-generation/gpu-resource-aggregation-platform-315194-315203/mcp_frontend/src/App.js", "pattern": "/^          onClick={toggleTheme}$/", "language": "JavaScript", "kind": "field", "scope": "App.onClick", "scopeKind": "class"}], "hash": "b55dd9e6a018e59207d8e277dffd9e11", "format-version": 4, "code-base-name": "mcp_frontend", "filename": "mcp_frontend/src/App.js", "fields": [{"name": "aria-label={`Switch to ${theme === 'light' ? 'dark' : 'light'} mode`}", "scope": "App.aria", "scopeKind": "class", "description": "unavailable"}, {"name": "onClick={toggleTheme}", "scope": "App.onClick", "scopeKind": "class", "description": "unavailable"}], "revision_history": [{"25": "5c7cd2535cd828cbc10b135df0f5ba2074137693"}]}