{"is_source_file": false, "format": null, "description": null, "external_files": [], "external_methods": [], "published": [], "classes": [], "methods": [], "calls": [], "search-terms": ["CSS", ":root", "theme", "dark", "light", "App"], "state": 2, "file_id": 3, "knowledge_revision": 14, "git_revision": "5c7cd2535cd828cbc10b135df0f5ba2074137693", "hash": "22f9e17cc1848b56dbb244518ac2707e", "format-version": 4, "code-base-name": "mcp_frontend", "filename": "mcp_frontend/src/App.css", "revision_history": [{"14": "5c7cd2535cd828cbc10b135df0f5ba2074137693"}]}