{"is_source_file": false, "format": "", "description": "", "external_files": [], "external_methods": [], "published": [], "classes": [], "methods": [], "calls": [], "search-terms": ["gpu-resource-aggregation-platform-315194-315203"], "state": 2, "file_id": 12, "knowledge_revision": 21, "git_revision": "583e1da7ffbb0ea42013f27ffe76ae5519279740", "hash": "542b48711dba87d86d114f889702e4ec", "format-version": 4, "code-base-name": "mcp_frontend", "filename": "README.md", "revision_history": [{"21": "583e1da7ffbb0ea42013f27ffe76ae5519279740"}]}